level	onset_real	run	score
3	17.0370799000084	1,3,2	1
4	32.0310341000149	1,3,1,3	0
5	53.0321538000135	1,2,4,2,1	0
6	79.0332926000119	1,4,2,2,1,2	0
